"Time (s)","Latitude (째)","Longitude (째)","Height (m)","Velocity (m/s)","Direction (째)","Horizontal Accuracy (m)","Vertical Accuracy (째)"
2.238974702E1,6.501156041E1,2.549668960E1,1.434573641E1,1.535212040E0,7.715934782E1,1.031053368E1,3.036373512E1
2.338964248E1,6.501156256E1,2.549672267E1,1.449872552E1,1.535212040E0,8.225640341E1,8.833090950E0,2.679043346E1
2.438954294E1,6.501156180E1,2.549675506E1,1.492479657E1,1.409510732E0,8.646619056E1,9.924083874E0,3.054326202E1
2.538945031E1,6.501156178E1,2.549677730E1,1.388872412E1,1.409510732E0,8.477266304E1,1.149660853E1,2.940917510E1
2.638936257E1,6.501155880E1,2.549681116E1,1.336315225E1,1.408647776E0,8.877326013E1,8.456854729E0,2.152318155E1
2.738928020E1,6.501156496E1,2.549683466E1,1.343824777E1,1.296974182E0,8.047535983E1,9.557194193E0,2.537150630E1
2.838920259E1,6.501156915E1,2.549686375E1,1.358317945E1,1.296974182E0,8.612389383E1,7.417861195E0,2.056009713E1
2.938913012E1,6.501157377E1,2.549689100E1,1.343335087E1,1.296974182E0,8.283027155E1,4.910142329E0,1.450440758E1
3.038906169E1,6.501157867E1,2.549692546E1,1.343386438E1,1.569901824E0,7.581221531E1,6.399614537E0,1.989193445E1
3.138899732E1,6.501158101E1,2.549696183E1,1.332026074E1,1.578267574E0,7.746351052E1,8.303659208E0,2.648097953E1
3.238893676E1,6.501157714E1,2.549699157E1,1.338263166E1,1.424400806E0,8.591191079E1,4.748651530E0,1.458928498E1
3.338887954E1,6.501157799E1,2.549703746E1,1.374077946E1,1.649947405E0,8.559279350E1,4.748651530E0,1.430521256E1
3.438882482E1,6.501159214E1,2.549701689E1,1.824688825E1,1.529148317E0,7.841252250E1,1.863129395E1,3.369542379E1
3.538877404E1,6.501159191E1,2.549705074E1,1.844723206E1,1.463637070E0,8.342820517E1,1.557064747E1,2.824571608E1
3.638872695E1,6.501159188E1,2.549707891E1,1.840019988E1,1.352103824E0,8.264989962E1,1.557064754E1,2.761809344E1
3.738868165E1,6.501159622E1,2.549711122E1,1.852537887E1,1.390557649E0,8.210432212E1,1.652776811E1,2.749089182E1
3.838863885E1,6.501159560E1,2.549714853E1,1.853537846E1,1.589552939E0,8.917812525E1,1.650971723E1,2.689648427E1
3.938859892E1,6.501159832E1,2.549717510E1,1.784950177E1,1.440776871E0,8.020637487E1,1.664325460E1,2.704559043E1
4.038856053E1,6.501160006E1,2.549720312E1,1.739770809E1,1.417289997E0,8.672886638E1,1.654080675E1,2.602603675E1
4.138852465E1,6.501160426E1,2.549723551E1,1.749080719E1,1.503960117E0,8.169334781E1,1.654080671E1,2.519357340E1
4.238849080E1,6.501160547E1,2.549726738E1,1.726337577E1,1.502294517E0,8.179715147E1,1.611487519E1,2.366435209E1
4.338845921E1,6.501160599E1,2.549729728E1,1.697577871E1,1.335995078E0,8.337307446E1,1.534080300E1,2.138058685E1
4.438842821E1,6.501160897E1,2.549733503E1,1.705342953E1,1.463950254E0,8.287237353E1,1.482604068E1,2.034486608E1
4.538840008E1,6.501160824E1,2.549736989E1,1.679626114E1,1.521858424E0,8.239071934E1,1.485744927E1,2.101304736E1
4.638837266E1,6.501160997E1,2.549739787E1,1.687645164E1,1.479223302E0,8.140289158E1,1.485744928E1,2.088897679E1
4.738834620E1,6.501161140E1,2.549743134E1,1.695404892E1,1.562044486E0,8.144509798E1,1.485744926E1,2.065854427E1
4.838832271E1,6.501161476E1,2.549745995E1,1.714764458E1,1.373687577E0,8.172469404E1,1.460930452E1,1.935499929E1
4.938829958E1,6.501161665E1,2.549749271E1,1.729524408E1,1.467569508E0,8.053974534E1,1.454861287E1,1.915227857E1
5.038827741E1,6.501162088E1,2.549752020E1,1.712049211E1,1.560115992E0,7.959348730E1,1.454861268E1,2.039877396E1
5.138825643E1,6.501162183E1,2.549755503E1,1.695701349E1,1.560701582E0,8.300985400E1,1.454861287E1,1.936396397E1
5.238823617E1,6.501162571E1,2.549759033E1,1.689423355E1,1.483324208E0,7.839828104E1,1.426294497E1,1.959591383E1
5.338821781E1,6.501162433E1,2.549762112E1,1.651221176E1,1.357127308E0,8.196441629E1,1.465315460E1,1.998807366E1
5.438819957E1,6.501162259E1,2.549765781E1,1.669344109E1,1.519089314E0,8.444880020E1,1.447730109E1,1.896688189E1
5.538818240E1,6.501162505E1,2.549769298E1,1.681514773E1,1.497478359E0,8.118202438E1,1.433685800E1,1.943562971E1
5.638816583E1,6.501162519E1,2.549772647E1,1.685080836E1,1.504379224E0,8.497317712E1,1.433685802E1,1.947580523E1
5.738815057E1,6.501162586E1,2.549775568E1,1.704450030E1,1.437638632E0,8.347385618E1,1.423267652E1,1.927622646E1
5.838813591E1,6.501162712E1,2.549779145E1,1.713332661E1,1.511587838E0,8.200089077E1,1.412574572E1,1.896782996E1
5.938812125E1,6.501162650E1,2.549782054E1,1.726819556E1,1.539137073E0,8.180357262E1,1.420486419E1,1.875617462E1
6.038810813E1,6.501162705E1,2.549785033E1,1.716153454E1,1.476596026E0,7.751780907E1,1.406457558E1,1.844487154E1
6.138809514E1,6.501162781E1,2.549788641E1,1.715494297E1,1.419824299E0,8.266949250E1,1.405772388E1,1.857545809E1
6.238808203E1,6.501162714E1,2.549792325E1,1.717401172E1,1.513866771E0,8.255059421E1,1.414018465E1,1.848079279E1
6.338807094E1,6.501163108E1,2.549795559E1,1.733390780E1,1.484431979E0,8.140984339E1,1.415999984E1,1.879142135E1
6.438805866E1,6.501163168E1,2.549799150E1,1.731675431E1,1.509705749E0,8.479291149E1,1.428406739E1,1.857343442E1
6.538804758E1,6.501163213E1,2.549802313E1,1.729808825E1,1.579000881E0,8.290429349E1,1.425573027E1,1.810272163E1
6.638803732E1,6.501163039E1,2.549805546E1,1.742849943E1,1.483074731E0,8.672134653E1,1.438033455E1,1.952644777E1
6.738802695E1,6.501163371E1,2.549808715E1,1.777545524E1,1.552815565E0,8.339499314E1,1.438033457E1,1.918960551E1
6.838801682E1,6.501163628E1,2.549811483E1,1.802077995E1,1.613145452E0,8.163643414E1,1.441939938E1,1.885805926E1
6.938800788E1,6.501163848E1,2.549814451E1,1.815723224E1,1.542775743E0,8.025011828E1,1.440728376E1,1.952812823E1
7.038799846E1,6.501164419E1,2.549817482E1,1.848645167E1,1.472184166E0,7.625966362E1,1.453669476E1,1.963086439E1
7.138798928E1,6.501164737E1,2.549820225E1,1.882633542E1,1.482778310E0,7.565424780E1,1.456715336E1,1.942342438E1
7.238798106E1,6.501165044E1,2.549823658E1,1.864619591E1,1.520058311E0,8.369296664E1,1.441595835E1,1.909647877E1
7.338797283E1,6.501165138E1,2.549827146E1,1.865084743E1,1.563021057E0,8.191468638E1,1.453068118E1,1.887578624E1
7.438796508E1,6.501165534E1,2.549830980E1,1.870798672E1,1.550801847E0,8.147874872E1,1.452479538E1,1.884702863E1
7.538795686E1,6.501165919E1,2.549834323E1,1.880922692E1,1.497213844E0,8.298253012E1,1.464916467E1,1.987407462E1
7.638794971E1,6.501166243E1,2.549838393E1,1.898601340E1,1.649585419E0,7.871377045E1,1.445689706E1,1.962363116E1
7.738794184E1,6.501166292E1,2.549841481E1,1.883359023E1,1.615925024E0,8.441639478E1,1.435560430E1,1.882361091E1
7.838793433E1,6.501166877E1,2.549845005E1,1.918635664E1,1.542141559E0,6.998550288E1,1.435560426E1,1.903272451E1
7.938792777E1,6.501166692E1,2.549848467E1,1.909636791E1,1.564483417E0,8.023063276E1,1.421317625E1,1.904991638E1
8.038792026E1,6.501166564E1,2.549851602E1,1.905970765E1,1.507153661E0,8.219271003E1,1.439220109E1,1.937738453E1
8.138791430E1,6.501166809E1,2.549854048E1,1.851336181E1,1.544618664E0,7.803787449E1,1.456332728E1,2.028455931E1
8.238790774E1,6.501167099E1,2.549857226E1,1.852680887E1,1.563571544E0,7.816304972E1,1.474062422E1,2.074557255E1
8.338790071E1,6.501167296E1,2.549859396E1,1.824550657E1,1.522642663E0,8.157399274E1,1.486603304E1,2.119951916E1
8.438789475E1,6.501167360E1,2.549861390E1,1.781881937E1,1.357822699E0,8.186430617E1,1.488770275E1,2.120918746E1
8.538788843E1,6.501167444E1,2.549864224E1,1.763868185E1,1.398165029E0,8.277736486E1,1.488770275E1,2.093456861E1
8.638788235E1,6.501167930E1,2.549867620E1,1.761928892E1,1.463788987E0,7.793643115E1,1.496042189E1,2.024319020E1
8.738787615E1,6.501168264E1,2.549870879E1,1.808192577E1,1.514494752E0,7.717680717E1,1.496769709E1,2.033532449E1
8.838787103E1,6.501168145E1,2.549874489E1,1.832992911E1,1.561403983E0,8.120340829E1,1.487956596E1,2.020967633E1
8.938786459E1,6.501168423E1,2.549878439E1,1.827666947E1,1.551219307E0,8.086537907E1,1.512920368E1,2.124260860E1
9.038785923E1,6.501168241E1,2.549881727E1,1.788213797E1,1.475711699E0,8.401632461E1,1.488131966E1,2.082411554E1
9.138785315E1,6.501168650E1,2.549885470E1,1.767093745E1,1.519199304E0,7.811894308E1,1.461158300E1,1.947300787E1
9.238784790E1,6.501168904E1,2.549888418E1,1.705902793E1,1.445945199E0,7.680119868E1,1.459049500E1,1.980375423E1
9.338784277E1,6.501169090E1,2.549891699E1,1.675489462E1,1.528477407E0,7.888006782E1,1.459049502E1,1.937002723E1
9.438783693E1,6.501169597E1,2.549895105E1,1.661873129E1,1.509964104E0,7.572549122E1,1.455875768E1,1.853743827E1
9.538783228E1,6.501170104E1,2.549898143E1,1.662345807E1,1.523269387E0,7.953555600E1,1.473527885E1,1.928512213E1
9.638782632E1,6.501170215E1,2.549901674E1,1.678146949E1,1.518561704E0,8.001949849E1,1.473527886E1,1.924158955E1
9.738782191E1,6.501170480E1,2.549905490E1,1.673275129E1,1.526002643E0,8.193097439E1,1.479239192E1,1.921880643E1
9.838781679E1,6.501170709E1,2.549908903E1,1.654659657E1,1.551883804E0,8.371096212E1,1.502686680E1,1.901541804E1
9.938781130E1,6.501170842E1,2.549912597E1,1.657137537E1,1.528761105E0,8.033266313E1,1.502686678E1,1.929058077E1
1.003878058E2,6.501171117E1,2.549916042E1,1.684337148E1,1.511632243E0,8.224112342E1,1.502686670E1,1.993112845E1
1.013878016E2,6.501171487E1,2.549919717E1,1.703229228E1,1.529703465E0,8.110202678E1,1.513233567E1,1.996734971E1
1.023877965E2,6.501171566E1,2.549922918E1,1.719948816E1,1.492607163E0,8.492285533E1,1.503760245E1,1.966316532E1
1.033877920E2,6.501172148E1,2.549926777E1,1.731595956E1,1.601625969E0,7.731149810E1,1.494930911E1,1.955460991E1
1.043877864E2,6.501172191E1,2.549930400E1,1.773243632E1,1.604773732E0,8.227676294E1,1.491306443E1,1.971507428E1
1.053877816E2,6.501172208E1,2.549933749E1,1.793377311E1,1.455982104E0,8.467270774E1,1.485599890E1,2.006357162E1
1.063877772E2,6.501172763E1,2.549936834E1,1.813567828E1,1.467089886E0,7.980912527E1,1.504604720E1,2.030606749E1
1.073877718E2,6.501172983E1,2.549940909E1,1.841937464E1,1.772371067E0,7.820049809E1,1.512772282E1,2.073044798E1
1.083877677E2,6.501172725E1,2.549943685E1,1.820524294E1,1.508024704E0,8.333719406E1,1.512772301E1,2.050008358E1
1.093877629E2,6.501172585E1,2.549946018E1,1.800634856E1,1.423314299E0,8.624519856E1,1.493121945E1,1.980627073E1
1.103877583E2,6.501173067E1,2.549949129E1,1.802565841E1,1.514544856E0,7.854114461E1,1.474614849E1,2.033203905E1
1.113877536E2,6.501173039E1,2.549952551E1,1.811609835E1,1.571463599E0,8.138775929E1,1.468837069E1,2.053627200E1
1.123877485E2,6.501173197E1,2.549955454E1,1.785820692E1,1.555664714E0,8.092188605E1,1.497596820E1,2.074477795E1
1.133877444E2,6.501173322E1,2.549958744E1,1.791961413E1,1.605398730E0,8.227616667E1,1.497596809E1,2.101610960E1
1.143877394E2,6.501173758E1,2.549961558E1,1.773783393E1,1.600335657E0,8.317189561E1,1.516232394E1,2.095823388E1
1.153877348E2,6.501174047E1,2.549965059E1,1.792515686E1,1.590573322E0,8.294882006E1,1.526157199E1,2.051543868E1
1.163877307E2,6.501174061E1,2.549968817E1,1.810295633E1,1.561634142E0,8.111563036E1,1.526157188E1,2.115343688E1
1.173877263E2,6.501174066E1,2.549972035E1,1.800945920E1,1.490965156E0,8.521666550E1,1.556078129E1,2.153216298E1
1.183877209E2,6.501173932E1,2.549975375E1,1.822071184E1,1.571524438E0,8.224178056E1,1.544211970E1,2.130515620E1
1.193877170E2,6.501174086E1,2.549978237E1,1.811429677E1,1.492976865E0,8.212319673E1,1.550954338E1,2.092957929E1
1.203877119E2,6.501174262E1,2.549981532E1,1.804962109E1,1.515728214E0,8.430706307E1,1.531178389E1,2.120452872E1
1.213877076E2,6.501174902E1,2.549984512E1,1.782521698E1,1.488394553E0,8.292851232E1,1.544682932E1,2.108223828E1
1.223877035E2,6.501175076E1,2.549988159E1,1.804552098E1,1.610042970E0,8.467207877E1,1.554466200E1,2.037769108E1
1.233876983E2,6.501174913E1,2.549992094E1,1.796915839E1,1.690039063E0,8.500615769E1,1.564649621E1,2.157865836E1
1.243876941E2,6.501175231E1,2.549995191E1,1.788972511E1,1.525818160E0,8.197424601E1,1.540058900E1,2.061207529E1
1.253876902E2,6.501175289E1,2.549998912E1,1.797342571E1,1.583911300E0,8.494684067E1,1.520525946E1,1.977521185E1
1.263876852E2,6.501175628E1,2.550002318E1,1.755837585E1,1.523805197E0,8.497974576E1,1.520525927E1,2.089084212E1
1.273876814E2,6.501175797E1,2.550005773E1,1.766969785E1,1.565257516E0,8.498624690E1,1.520525935E1,2.044163392E1
1.283876768E2,6.501176076E1,2.550009380E1,1.710200078E1,1.656609328E0,8.411994522E1,1.505166534E1,2.001068818E1
1.293876717E2,6.501176424E1,2.550012620E1,1.699106679E1,1.541553171E0,8.236330517E1,1.505166524E1,2.071652511E1
1.303876671E2,6.501176585E1,2.550016023E1,1.712350859E1,1.487365076E0,8.238631763E1,1.494806776E1,2.044585240E1
1.313876631E2,6.501176294E1,2.550019084E1,1.651579888E1,1.440058592E0,8.715259838E1,1.477181436E1,2.017885150E1
1.323876586E2,6.501176493E1,2.550022604E1,1.677992263E1,1.478965893E0,8.268331445E1,1.460840415E1,2.034744795E1
1.333884916E2,6.501176760E1,2.550025294E1,1.682030138E1,1.503488500E0,8.158285638E1,1.460840425E1,1.963635430E1
1.343886480E2,6.501176779E1,2.550027821E1,1.649636380E1,1.488953666E0,8.247827477E1,1.457013509E1,1.890359682E1
1.353886435E2,6.501177107E1,2.550031210E1,1.628779454E1,1.454819205E0,8.345200059E1,1.457013492E1,1.989211882E1
1.363888181E2,6.501177667E1,2.550035013E1,1.630635016E1,1.479796323E0,8.126066398E1,1.439988201E1,1.922868486E1
1.373882113E2,6.501177836E1,2.550039267E1,1.654611217E1,1.619938260E0,8.180782539E1,1.438104319E1,1.881750859E1
1.383882072E2,6.501178283E1,2.550041445E1,1.662359105E1,1.387177045E0,8.391387452E1,1.438104327E1,1.873448916E1
1.393894616E2,6.501178847E1,2.550044871E1,1.658269615E1,1.530684596E0,8.041617065E1,1.416423965E1,1.835333508E1
1.403891206E2,6.501178881E1,2.550049101E1,1.665910696E1,1.631022199E0,8.481272045E1,1.404322403E1,1.741515291E1
1.413891163E2,6.501178954E1,2.550053123E1,1.651573514E1,1.566459685E0,8.344294752E1,1.400869748E1,1.730998510E1
1.423888414E2,6.501178918E1,2.550056892E1,1.655175562E1,1.606522919E0,8.154675922E1,1.400869748E1,1.738189843E1
1.433885499E2,6.501179107E1,2.550059934E1,1.630298849E1,1.534207144E0,8.163250725E1,1.401412476E1,1.856946244E1
1.443885453E2,6.501179201E1,2.550062712E1,1.621139904E1,1.563732570E0,7.886198931E1,1.375124981E1,1.725132649E1
1.453893673E2,6.501179209E1,2.550065670E1,1.630569517E1,1.464141697E0,8.350694068E1,1.348641797E1,1.695994428E1
1.463887500E2,6.501179644E1,2.550068534E1,1.640913914E1,1.492540764E0,7.837490702E1,1.311238681E1,1.650541584E1
1.473887452E2,6.501179673E1,2.550071768E1,1.619688558E1,1.517065958E0,8.080663166E1,1.284264049E1,1.681346714E1
1.483887404E2,6.501179632E1,2.550075788E1,1.623964148E1,1.562986748E0,8.508857111E1,1.284264042E1,1.712707230E1
1.493887361E2,6.501180241E1,2.550079163E1,1.615215300E1,1.490804359E0,7.373538506E1,1.292660218E1,1.692500486E1
1.503887326E2,6.501180326E1,2.550082942E1,1.652677853E1,1.485942324E0,8.212222190E1,1.266671096E1,1.682677975E1
1.513887274E2,6.501181082E1,2.550085844E1,1.682632790E1,1.441174201E0,7.250835643E1,1.253707536E1,1.697991533E1
1.523887230E2,6.501181772E1,2.550088339E1,1.685531050E1,1.488373532E0,6.197062729E1,1.255187970E1,1.692401958E1
1.533887193E2,6.501182667E1,2.550090156E1,1.678946340E1,1.324763148E0,5.292123144E1,1.245068758E1,1.669775936E1
1.543887142E2,6.501183615E1,2.550091865E1,1.680740608E1,1.155642930E0,5.213647166E1,1.250310096E1,1.647086149E1
1.553887104E2,6.501185008E1,2.550093053E1,1.670941382E1,1.298647438E0,3.519349796E1,1.250310093E1,1.610837707E1
1.563887057E2,6.501186477E1,2.550094370E1,1.686706374E1,1.440976400E0,3.436744986E1,1.243299283E1,1.532828672E1
1.573887013E2,6.501187408E1,2.550096435E1,1.689755870E1,1.440465107E0,3.699848707E1,1.229085495E1,1.603001701E1
1.583886973E2,6.501188534E1,2.550097817E1,1.700210323E1,1.327154356E0,3.115691111E1,1.211261969E1,1.518730319E1
1.593886927E2,6.501189755E1,2.550099926E1,1.690345383E1,1.472103128E0,3.186180765E1,1.199233581E1,1.472757623E1
1.603886889E2,6.501191140E1,2.550102656E1,1.677821400E1,1.487211786E0,3.391924219E1,1.193203334E1,1.479717487E1
1.613886843E2,6.501192597E1,2.550104193E1,1.701720563E1,1.578617116E0,2.910678794E1,1.180371306E1,1.431740599E1
1.623886797E2,6.501193742E1,2.550105375E1,1.716968656E1,1.287165000E0,2.754160414E1,1.181283977E1,1.510607976E1
1.633886752E2,6.501195114E1,2.550107391E1,1.733173076E1,1.481825201E0,3.154084745E1,1.181283981E1,1.492640903E1
1.643886714E2,6.501196266E1,2.550108637E1,1.707223795E1,1.443477086E0,2.979582792E1,1.181283974E1,1.525170119E1
1.653886673E2,6.501197511E1,2.550110580E1,1.719686909E1,1.409597781E0,3.218174826E1,1.170521508E1,1.481381301E1
1.663886626E2,6.501198644E1,2.550112510E1,1.746407153E1,1.349578717E0,3.098286234E1,1.164947008E1,1.395741883E1
1.673886582E2,6.501199709E1,2.550114298E1,1.712904135E1,1.505947478E0,3.213351478E1,1.172439864E1,1.393684233E1
1.683886542E2,6.501200941E1,2.550116404E1,1.723707002E1,1.496489169E0,3.483427911E1,1.151786472E1,1.457344362E1
1.693886498E2,6.501202138E1,2.550117882E1,1.746897817E1,1.481902887E0,3.265549034E1,1.141743796E1,1.366856414E1
1.703886451E2,6.501203151E1,2.550119007E1,1.724732263E1,1.246722005E0,3.160632161E1,1.136475441E1,1.362807775E1
1.713886409E2,6.501204284E1,2.550121337E1,1.719718485E1,1.508183521E0,3.345311454E1,1.136475436E1,1.370493382E1
1.723886368E2,6.501205437E1,2.550123464E1,1.717566534E1,1.440626624E0,3.083267837E1,1.136475431E1,1.412968272E1
1.733886327E2,6.501206738E1,2.550125537E1,1.715321871E1,1.450569654E0,3.324526225E1,1.136475429E1,1.406388061E1
1.743886284E2,6.501208070E1,2.550127508E1,1.718163519E1,1.430940825E0,3.204172953E1,1.096497270E1,1.322139597E1
1.753886236E2,6.501209229E1,2.550128469E1,1.712688635E1,1.365889133E0,3.017046385E1,1.092283430E1,1.398615240E1
1.763886194E2,6.501210557E1,2.550129458E1,1.730214462E1,1.471950329E0,2.988479219E1,1.092283436E1,1.374514673E1
1.773886153E2,6.501211860E1,2.550131408E1,1.753278521E1,1.509674944E0,3.238625126E1,1.079062620E1,1.363853572E1
1.783886102E2,6.501212989E1,2.550133079E1,1.729227039E1,1.406467912E0,3.357347957E1,1.079960738E1,1.376101750E1
1.793886065E2,6.501214193E1,2.550135138E1,1.711585075E1,1.375038085E0,3.448676157E1,1.078921929E1,1.347345627E1
1.803886023E2,6.501215488E1,2.550136970E1,1.671799171E1,1.564891708E0,3.250143261E1,1.083036023E1,1.376766683E1
1.813885980E2,6.501216387E1,2.550138790E1,1.667165603E1,1.441562116E0,3.454785730E1,1.064612606E1,1.389478733E1
1.823885934E2,6.501217174E1,2.550140718E1,1.662781024E1,1.395325396E0,3.280831764E1,1.054517900E1,1.372861499E1
1.833885890E2,6.501218358E1,2.550142564E1,1.593274599E1,1.470196748E0,3.674185568E1,1.045545734E1,1.329136964E1
1.843885840E2,6.501219481E1,2.550144238E1,1.589074544E1,1.381660053E0,3.526038846E1,1.036847260E1,1.351504892E1
1.853885807E2,6.501220680E1,2.550146575E1,1.576362179E1,1.356733339E0,3.666747400E1,1.041238066E1,1.350150654E1
1.863885760E2,6.501221881E1,2.550147735E1,1.577529336E1,1.378743558E0,3.044902745E1,1.036452209E1,1.329901634E1
1.873885713E2,6.501222871E1,2.550149044E1,1.591536952E1,1.414084442E0,3.475694904E1,1.028272825E1,1.301356587E1
1.883885676E2,6.501223843E1,2.550150482E1,1.621834540E1,1.364702217E0,3.211916340E1,1.028272832E1,1.295834685E1
1.893885627E2,6.501225191E1,2.550152582E1,1.635127576E1,1.498143933E0,3.165087599E1,1.022291316E1,1.329525593E1
1.903885586E2,6.501226192E1,2.550153665E1,1.670850224E1,1.410294189E0,2.990905539E1,1.022291319E1,1.339218484E1
1.913885545E2,6.501227280E1,2.550156073E1,1.703447959E1,1.455415996E0,3.370792391E1,1.021440105E1,1.299360691E1
1.923885500E2,6.501228305E1,2.550158327E1,1.697944645E1,1.466641362E0,3.296505595E1,1.022139323E1,1.287967029E1
1.933885453E2,6.501229468E1,2.550159794E1,1.711785112E1,1.404572497E0,3.150914923E1,1.003380980E1,1.261460103E1
1.943885411E2,6.501230730E1,2.550161974E1,1.745804289E1,1.423387022E0,3.285012866E1,9.957111930E0,1.274719383E1
1.953885370E2,6.501232247E1,2.550163403E1,1.706079414E1,1.477911254E0,3.164168881E1,9.971705937E0,1.303962029E1
1.963885328E2,6.501233607E1,2.550165330E1,1.703097235E1,1.438679142E0,3.024632823E1,1.003692150E1,1.269602372E1
1.973885287E2,6.501234696E1,2.550167682E1,1.696215713E1,1.490668776E0,3.589409767E1,1.003692144E1,1.294774621E1
1.983885233E2,6.501235336E1,2.550169628E1,1.703737333E1,1.402563676E0,3.582664892E1,9.975571308E0,1.300681903E1
1.993885196E2,6.501236585E1,2.550172095E1,1.719992554E1,1.589811831E0,3.670053297E1,9.876154975E0,1.306592034E1
2.003885148E2,6.501237950E1,2.550173813E1,1.749782967E1,1.434657312E0,3.543478321E1,9.714673360E0,1.316324640E1
2.013885113E2,6.501239165E1,2.550175809E1,1.787566444E1,1.475462007E0,3.329493680E1,9.717432292E0,1.330477306E1
2.023885068E2,6.501240741E1,2.550176993E1,1.820255053E1,1.540914329E0,2.978562033E1,9.717432336E0,1.312366807E1
2.033885018E2,6.501241920E1,2.550178875E1,1.767212325E1,1.470938429E0,3.312942800E1,9.703069197E0,1.382174625E1
2.043884976E2,6.501243200E1,2.550180653E1,1.732362195E1,1.601687106E0,3.170503178E1,9.703069217E0,1.355783974E1
2.053884929E2,6.501244074E1,2.550182198E1,1.783076136E1,1.438276958E0,3.136082988E1,9.703069243E0,1.355980385E1
2.063884888E2,6.501245333E1,2.550185090E1,1.767863882E1,1.617375234E0,3.276756430E1,9.803132199E0,1.382227064E1
2.073884853E2,6.501246564E1,2.550186637E1,1.785820196E1,1.549320776E0,3.418628786E1,9.732464562E0,1.382516888E1
2.083884805E2,6.501247351E1,2.550188027E1,1.733624821E1,1.372270090E0,3.451353381E1,9.752474742E0,1.378510420E1
2.093884758E2,6.501248488E1,2.550189383E1,1.728419167E1,1.498489771E0,2.936215718E1,9.605827666E0,1.356252970E1
2.103884721E2,6.501249649E1,2.550190008E1,1.700482214E1,1.438910581E0,2.964682893E1,9.605827754E0,1.311160192E1
2.113884679E2,6.501250798E1,2.550191687E1,1.726258567E1,1.434397717E0,2.869728666E1,9.598581233E0,1.342335902E1
2.123884635E2,6.501251770E1,2.550193340E1,1.744682904E1,1.330068822E0,2.960355505E1,9.512835964E0,1.334978259E1
2.133884590E2,6.501252866E1,2.550195186E1,1.788400149E1,1.413538274E0,2.973917362E1,9.512835946E0,1.319111438E1
2.143884549E2,6.501253584E1,2.550197572E1,1.805535475E1,1.357032863E0,3.949488862E1,9.483434723E0,1.264653942E1
2.153884507E2,6.501255002E1,2.550199463E1,1.798817617E1,1.578682458E0,3.254325899E1,9.483434695E0,1.283450328E1
2.163884461E2,6.501256309E1,2.550201491E1,1.808064468E1,1.540134249E0,3.297219971E1,9.537611771E0,1.334685624E1
2.173884413E2,6.501257446E1,2.550202697E1,1.834283140E1,1.378156546E0,2.831835383E1,9.537611817E0,1.334277608E1
2.183884373E2,6.501258586E1,2.550204851E1,1.871985917E1,1.481573686E0,3.589492956E1,9.584502672E0,1.326683759E1
2.193884325E2,6.501260169E1,2.550206597E1,1.849703212E1,1.641464771E0,3.037107519E1,9.476799669E0,1.304981033E1
2.203884290E2,6.501261540E1,2.550208154E1,1.833357293E1,1.551577561E0,2.984154235E1,9.476799685E0,1.308333377E1
2.213884238E2,6.501262485E1,2.550209965E1,1.804729781E1,1.414443177E0,3.457760997E1,9.529315421E0,1.311343642E1
2.223884199E2,6.501263664E1,2.550211541E1,1.791365395E1,1.484330252E0,3.119096096E1,9.723649090E0,1.297594165E1
2.233884156E2,6.501264591E1,2.550213380E1,1.807268852E1,1.474730022E0,2.927015258E1,9.618337236E0,1.294741071E1
2.243884116E2,6.501265821E1,2.550215317E1,1.757647941E1,1.554430302E0,2.890164559E1,9.618337154E0,1.334089614E1
2.253884069E2,6.501267182E1,2.550217249E1,1.711245217E1,1.589767611E0,3.209826694E1,9.623717966E0,1.303357351E1
2.263884029E2,6.501268225E1,2.550219074E1,1.719481007E1,1.442233225E0,2.771280438E1,9.623717877E0,1.355681445E1
2.273883984E2,6.501269453E1,2.550221484E1,1.688225117E1,1.591642472E0,3.921641710E1,9.623717822E0,1.364711394E1
2.283883940E2,6.501270447E1,2.550221668E1,1.619323285E1,1.309269597E0,2.466116360E1,9.703027070E0,1.346605822E1
2.293883902E2,6.501271395E1,2.550223851E1,1.611688266E1,1.461800261E0,3.356769243E1,9.661434655E0,1.296765446E1
2.303883855E2,6.501272718E1,2.550226177E1,1.600791069E1,1.601234180E0,3.415976052E1,9.691158817E0,1.316906944E1
2.313883810E2,6.501274243E1,2.550228301E1,1.635639238E1,1.506994040E0,3.380000364E1,9.559467215E0,1.358913715E1
2.323883761E2,6.501275452E1,2.550229694E1,1.641470457E1,1.503267811E0,3.087192198E1,9.583466776E0,1.353735643E1
2.333883723E2,6.501276919E1,2.550231739E1,1.668336266E1,1.557775601E0,2.888685813E1,9.561668596E0,1.354434030E1
2.343883679E2,6.501278218E1,2.550234391E1,1.737481416E1,1.539219713E0,3.459217864E1,9.561668528E0,1.377897628E1
2.353883638E2,6.501279523E1,2.550235540E1,1.729214528E1,1.467312863E0,3.016111851E1,9.630216451E0,1.354495978E1
2.363883593E2,6.501280785E1,2.550237562E1,1.718929678E1,1.613742203E0,3.354557712E1,9.630216496E0,1.320218688E1
2.373883545E2,6.501281626E1,2.550239410E1,1.731659413E1,1.453692153E0,3.353443619E1,9.532228138E0,1.307345611E1
2.383883502E2,6.501282744E1,2.550241343E1,1.719481155E1,1.494852751E0,3.103062529E1,9.305131078E0,1.312653826E1
2.393883467E2,6.501283809E1,2.550243058E1,1.715288248E1,1.531990295E0,3.540681005E1,9.148407466E0,1.283394947E1
2.403883423E2,6.501285247E1,2.550244373E1,1.708455314E1,1.637775719E0,3.066368676E1,8.944795551E0,1.256373134E1
2.413883376E2,6.501286552E1,2.550246772E1,1.722717784E1,1.501591379E0,3.271995950E1,8.935403302E0,1.218505743E1
2.423883332E2,6.501288078E1,2.550248600E1,1.774935187E1,1.405598694E0,3.164159695E1,8.935403224E0,1.266636367E1
2.433883296E2,6.501289631E1,2.550250896E1,1.813152476E1,1.450031513E0,3.149061244E1,8.935403217E0,1.262584627E1
2.443883246E2,6.501290684E1,2.550253334E1,1.821895326E1,1.332639471E0,2.966664960E1,8.935403282E0,1.226187560E1
2.453883208E2,6.501291908E1,2.550255303E1,1.817997998E1,1.422184935E0,3.274582500E1,8.935403273E0,1.205523576E1
2.463883157E2,6.501293074E1,2.550257236E1,1.806136306E1,1.436010245E0,3.432500156E1,8.808381296E0,1.177668470E1
2.473883115E2,6.501294393E1,2.550259603E1,1.802914882E1,1.548878625E0,3.401518674E1,8.968164374E0,1.217817518E1
2.483883077E2,6.501295699E1,2.550261236E1,1.783600007E1,1.533374629E0,3.219205838E1,9.081998107E0,1.241365153E1
2.493883028E2,6.501296527E1,2.550263088E1,1.808100820E1,1.451595807E0,3.624010539E1,8.939677212E0,1.221375101E1
2.503882992E2,6.501297468E1,2.550264373E1,1.786588361E1,1.524112411E0,3.248320120E1,9.119311360E0,1.246272005E1
2.513882945E2,6.501298532E1,2.550266324E1,1.737674692E1,1.369165550E0,3.722601892E1,9.119311371E0,1.241251201E1
2.523882904E2,6.501300036E1,2.550268304E1,1.734331102E1,1.565652291E0,3.190610358E1,9.303199159E0,1.247668585E1
2.533882855E2,6.501301166E1,2.550270611E1,1.754476655E1,1.354585926E0,3.262298265E1,9.234613900E0,1.249693508E1
2.543882811E2,6.501302408E1,2.550272295E1,1.756925679E1,1.489051309E0,3.293909516E1,9.234613928E0,1.223883593E1
2.553882774E2,6.501303196E1,2.550273828E1,1.757006695E1,1.242088218E0,3.691013535E1,9.372993375E0,1.263138032E1
2.563882725E2,6.501304492E1,2.550276073E1,1.769055675E1,1.454939922E0,3.688949842E1,9.349260005E0,1.251272964E1
2.573882685E2,6.501305513E1,2.550277671E1,1.815364844E1,1.422072633E0,3.588874122E1,9.327066265E0,1.219590574E1
2.583882645E2,6.501306113E1,2.550280626E1,1.852924404E1,1.331152584E0,5.148738524E1,9.230244372E0,1.209876531E1
2.593893392E2,6.501306411E1,2.550284081E1,1.819716253E1,1.313543407E0,7.499185313E1,9.357774811E0,1.224955787E1
2.603893296E2,6.501306319E1,2.550287921E1,1.828468791E1,1.503281363E0,8.099024103E1,9.362515425E0,1.301571949E1
2.613893250E2,6.501305765E1,2.550291911E1,1.889985642E1,1.537552174E0,9.875680250E1,9.571916501E0,1.361941355E1
2.623897001E2,6.501305295E1,2.550295629E1,1.861815736E1,1.475859050E0,9.939066019E1,9.976930762E0,1.445492465E1
2.633890830E2,6.501304628E1,2.550299254E1,1.883576931E1,1.602887028E0,1.045434977E2,1.006486510E1,1.492593279E1
2.643890793E2,6.501303942E1,2.550302741E1,1.902330018E1,1.507627973E0,1.106623389E2,1.006486519E1,1.484042691E1
2.653892852E2,6.501303158E1,2.550306116E1,1.882028943E1,1.563214329E0,1.132171060E2,1.008838592E1,1.552506730E1
2.663895862E2,6.501302431E1,2.550309299E1,1.853780704E1,1.553826845E0,1.158105619E2,1.020277058E1,1.538800513E1
2.673895814E2,6.501301551E1,2.550312187E1,1.826917559E1,1.481512989E0,1.203989473E2,1.021552931E1,1.538100801E1
2.683900136E2,6.501300792E1,2.550315402E1,1.872192998E1,1.529744903E0,1.190790433E2,1.027852772E1,1.575448547E1
2.693896362E2,6.501300250E1,2.550317873E1,1.848071067E1,1.428210273E0,1.195430356E2,1.027852774E1,1.579569006E1
2.703896310E2,6.501299688E1,2.550320580E1,1.831454296E1,1.508860847E0,1.204065249E2,1.027852772E1,1.569539675E1
2.713895055E2,6.501298842E1,2.550323018E1,1.816979687E1,1.531537535E0,1.178065121E2,1.013858045E1,1.497602933E1
2.723897839E2,6.501297807E1,2.550326326E1,1.767696058E1,1.564729424E0,1.177147815E2,1.001989286E1,1.520326199E1
2.733897800E2,6.501297069E1,2.550328719E1,1.819941470E1,1.402221678E0,1.176724655E2,1.001989288E1,1.534546270E1
2.743897754E2,6.501296282E1,2.550331296E1,1.783804830E1,1.389615296E0,1.178929766E2,9.983923117E0,1.483315653E1
2.753897709E2,6.501295503E1,2.550334470E1,1.797164638E1,1.612587419E0,1.225498047E2,9.844087715E0,1.516758277E1
2.763897667E2,6.501295081E1,2.550337301E1,1.812103098E1,1.535908207E0,1.186674954E2,9.845638903E0,1.550342837E1
2.773897624E2,6.501294529E1,2.550339868E1,1.807473543E1,1.535220495E0,1.179360324E2,9.887419931E0,1.481522301E1
2.783897576E2,6.501293840E1,2.550342031E1,1.804155908E1,1.544585536E0,1.231152896E2,1.001105745E1,1.520211110E1
2.793897537E2,6.501293278E1,2.550344345E1,1.840475847E1,1.413283730E0,1.196509223E2,1.001105744E1,1.544346002E1
2.803897493E2,6.501292344E1,2.550346587E1,1.830701667E1,1.438130136E0,1.220224747E2,9.875970181E0,1.485259541E1
2.813897448E2,6.501291722E1,2.550349829E1,1.812435808E1,1.502164815E0,1.223850674E2,9.815283117E0,1.407383142E1
2.823897412E2,6.501290647E1,2.550352485E1,1.770743516E1,1.573397370E0,1.272644824E2,9.799167554E0,1.439578018E1
2.833897364E2,6.501289484E1,2.550354917E1,1.728822205E1,1.502814989E0,1.257004913E2,9.859468216E0,1.454845593E1
2.843897320E2,6.501288491E1,2.550358121E1,1.719460691E1,1.558036798E0,1.261176470E2,9.900379463E0,1.443012568E1
2.853897272E2,6.501287907E1,2.550360107E1,1.692493185E1,1.425148648E0,1.241368304E2,1.004087877E1,1.423112155E1
2.863897238E2,6.501287259E1,2.550363246E1,1.700563140E1,1.383895682E0,1.209128513E2,9.968291686E0,1.344687194E1
2.873897195E2,6.501286532E1,2.550366339E1,1.724864921E1,1.518615643E0,1.194881609E2,9.822623991E0,1.333413041E1
2.883897151E2,6.501285828E1,2.550368863E1,1.710348863E1,1.403754695E0,1.243798202E2,9.811442122E0,1.312170558E1
2.893897103E2,6.501285384E1,2.550371955E1,1.703342930E1,1.451581729E0,1.185152781E2,9.822577355E0,1.322741746E1
2.903897064E2,6.501284315E1,2.550374364E1,1.678771565E1,1.425647778E0,1.251976001E2,9.877176014E0,1.328921346E1
2.913897018E2,6.501283454E1,2.550376972E1,1.674868314E1,1.432828305E0,1.309525053E2,9.877176049E0,1.329295319E1
2.923896976E2,6.501282437E1,2.550378955E1,1.647996123E1,1.460715495E0,1.406693488E2,9.954860157E0,1.357290797E1
2.933896933E2,6.501280846E1,2.550380380E1,1.627729082E1,1.427362708E0,1.542161481E2,9.993780113E0,1.387721054E1
2.943896892E2,6.501279234E1,2.550380838E1,1.581469280E1,1.516010291E0,1.628573676E2,9.925786441E0,1.342189115E1
2.953896848E2,6.501277755E1,2.550380287E1,1.557871178E1,1.446983971E0,1.759488428E2,9.778250229E0,1.386819285E1
2.963896800E2,6.501276569E1,2.550379466E1,1.553479229E1,1.465267011E0,1.790006729E2,9.569030212E0,1.305579229E1
2.973896759E2,6.501275193E1,2.550378304E1,1.534399754E1,1.462435368E0,1.909848878E2,9.569030274E0,1.336817147E1
2.983896712E2,6.501273764E1,2.550376926E1,1.510784343E1,1.575020343E0,1.911668951E2,9.569030279E0,1.318858170E1
2.993896670E2,6.501272396E1,2.550376290E1,1.505281088E1,1.525869150E0,1.915406640E2,9.569030326E0,1.354938743E1
3.003896633E2,6.501271203E1,2.550375035E1,1.483269514E1,1.539658417E0,1.924341732E2,9.570354889E0,1.272358965E1
3.013896580E2,6.501270080E1,2.550374304E1,1.470772932E1,1.415802867E0,1.918702743E2,9.570354881E0,1.273948130E1
3.023896543E2,6.501268792E1,2.550372982E1,1.507646891E1,1.318358081E0,1.911284740E2,9.405361387E0,1.279592780E1
3.033896501E2,6.501267060E1,2.550374123E1,1.511947256E1,1.363731248E0,1.715350051E2,9.350059962E0,1.266355256E1
3.043896456E2,6.501265896E1,2.550377375E1,1.481768522E1,1.307158094E0,1.380158330E2,9.349772628E0,1.295660948E1
3.053896408E2,6.501265653E1,2.550382163E1,1.530673957E1,1.427830406E0,1.105461576E2,9.212816573E0,1.250073531E1
3.063896370E2,6.501266091E1,2.550384918E1,1.576446845E1,1.324867673E0,9.886078966E1,9.137186513E0,1.216393775E1
3.073896327E2,6.501266921E1,2.550387972E1,1.562163360E1,1.203501565E0,6.689493136E1,9.197374542E0,1.252374909E1
3.083896283E2,6.501267925E1,2.550391112E1,1.557306231E1,1.383555041E0,6.452737348E1,9.175794976E0,1.285501259E1
3.093896242E2,6.501269525E1,2.550392780E1,1.561497920E1,1.381117277E0,4.218856562E1,9.311017710E0,1.307425962E1
3.103896191E2,6.501271024E1,2.550394830E1,1.585177575E1,1.612727638E0,3.881412557E1,9.311017763E0,1.254622490E1
3.113896148E2,6.501272481E1,2.550396634E1,1.606290420E1,1.552443363E0,3.690396375E1,9.299232897E0,1.276123660E1
3.123896106E2,6.501273954E1,2.550397913E1,1.597398829E1,1.616098381E0,3.135891427E1,9.299232887E0,1.271937722E1
3.133896064E2,6.501275391E1,2.550398974E1,1.587573774E1,1.598473737E0,2.592712434E1,9.108407051E0,1.232076699E1
3.143896025E2,6.501276564E1,2.550400200E1,1.583001887E1,1.377420640E0,2.646727290E1,9.043767315E0,1.222521122E1
3.153895978E2,6.501278049E1,2.550401922E1,1.558880722E1,1.473399117E0,2.097466692E1,8.912199530E0,1.197316267E1
3.163895940E2,6.501279122E1,2.550403949E1,1.567829739E1,1.504009281E0,2.053835889E1,8.848326799E0,1.150817130E1
3.173895897E2,6.501280960E1,2.550406399E1,1.575619775E1,1.690644614E0,2.313031120E1,8.801778854E0,1.115047456E1
3.183895851E2,6.501282372E1,2.550407665E1,1.596075235E1,1.422766606E0,2.181142152E1,8.741769958E0,1.088969942E1
3.193895807E2,6.501284147E1,2.550408486E1,1.576934425E1,1.572773030E0,1.874715438E1,8.701183887E0,1.147817092E1
3.203895760E2,6.501285552E1,2.550409667E1,1.573730666E1,1.552711500E0,1.716615018E1,8.701183929E0,1.116069633E1
3.213895720E2,6.501286696E1,2.550410933E1,1.599829583E1,1.542543166E0,2.029092916E1,8.701183978E0,1.086942431E1
3.223895671E2,6.501288529E1,2.550411811E1,1.590130679E1,1.527210356E0,1.863920687E1,8.701183930E0,1.123456431E1
3.233895638E2,6.501290152E1,2.550412390E1,1.571246469E1,1.562223116E0,1.835389214E1,8.525822950E0,1.060251605E1
3.243895594E2,6.501291201E1,2.550412995E1,1.555299363E1,1.494824961E0,2.154654057E1,8.525822920E0,1.078203008E1
3.253895541E2,6.501292318E1,2.550413665E1,1.539584684E1,1.410059205E0,1.954513183E1,8.660489754E0,1.052453027E1
3.263895508E2,6.501293555E1,2.550414850E1,1.505877731E1,1.431863193E0,1.862601851E1,8.991214995E0,1.074749623E1
3.273895457E2,6.501294483E1,2.550415322E1,1.493438959E1,1.388014182E0,2.041864409E1,8.798163931E0,1.059592958E1
3.283895411E2,6.501296158E1,2.550416621E1,1.510835218E1,1.483458104E0,1.989617905E1,8.814500064E0,1.077605781E1
3.293895378E2,6.501297921E1,2.550417441E1,1.529892257E1,1.574976551E0,2.025710716E1,8.904077666E0,1.128047230E1
3.303895335E2,6.501298669E1,2.550418032E1,1.523649809E1,1.209243471E0,2.261245064E1,8.786840343E0,1.132567562E1
3.313895286E2,6.501300118E1,2.550419857E1,1.533134827E1,1.405654098E0,2.316963222E1,8.793220650E0,1.083618816E1
3.323895247E2,6.501301338E1,2.550420937E1,1.549853861E1,1.449214218E0,2.030107040E1,8.799224785E0,1.059494627E1
3.333895202E2,6.501302199E1,2.550422320E1,1.560404577E1,1.457425833E0,1.957736999E1,8.808412200E0,1.056876890E1
3.343895160E2,6.501303371E1,2.550423363E1,1.534070156E1,1.469318854E0,2.445000582E1,8.790008624E0,1.064282331E1
3.353895110E2,6.501304575E1,2.550424607E1,1.523694816E1,1.462154419E0,2.641169443E1,8.736213900E0,1.013269831E1
3.363895074E2,6.501305238E1,2.550426553E1,1.496763956E1,1.253958784E0,3.188679941E1,8.919194293E0,1.011636594E1
3.373895031E2,6.501306640E1,2.550427774E1,1.474141360E1,1.299573178E0,2.699738916E1,8.919194288E0,9.943194771E0
3.383894981E2,6.501307736E1,2.550429919E1,1.470643935E1,1.431998310E0,3.334505704E1,9.073657170E0,9.728510664E0
3.393894942E2,6.501309347E1,2.550431929E1,1.456191391E1,1.515094957E0,2.759910494E1,9.104872256E0,9.849323660E0
3.403894901E2,6.501310202E1,2.550432858E1,1.459709810E1,1.214231631E0,2.528087526E1,9.104872280E0,9.739509291E0
3.413894852E2,6.501311564E1,2.550434261E1,1.451904832E1,1.389241662E0,2.363258499E1,9.242583335E0,1.016174818E1
3.423894814E2,6.501312950E1,2.550436019E1,1.392139820E1,1.449286301E0,2.922375109E1,9.242583332E0,1.020087165E1
3.433894770E2,6.501314148E1,2.550437904E1,1.425526707E1,1.301309861E0,3.381071828E1,9.265934194E0,1.022478627E1
3.443894727E2,6.501315264E1,2.550440067E1,1.433800074E1,1.502051896E0,3.713414299E1,9.265934124E0,1.044444860E1
3.453894677E2,6.501316322E1,2.550440990E1,1.480613149E1,1.261492035E0,2.832310952E1,9.282855700E0,1.041442783E1
3.463894641E2,6.501317587E1,2.550443097E1,1.504702368E1,1.340739075E0,2.686692696E1,9.372770931E0,1.030195408E1
3.473894595E2,6.501318807E1,2.550445541E1,1.448093268E1,1.411646557E0,3.270940390E1,9.345234691E0,1.024774736E1
3.483894552E2,6.501320616E1,2.550446922E1,1.544479962E1,1.473330831E0,2.218434515E1,9.285394126E0,1.051111135E1
3.493894503E2,6.501321959E1,2.550449149E1,1.620835377E1,1.479030528E0,3.192444249E1,9.320803705E0,1.033215453E1
3.503894461E2,6.501323577E1,2.550450997E1,1.612400494E1,1.681517504E0,2.724255291E1,9.256616328E0,1.073174621E1
3.513894416E2,6.501324238E1,2.550452854E1,1.588409032E1,1.223013137E0,3.877531769E1,9.113692968E0,1.051784124E1
3.523894372E2,6.501325362E1,2.550455511E1,1.570541378E1,1.422967955E0,3.693905184E1,9.042843108E0,1.062588041E1
3.533894334E2,6.501326409E1,2.550457760E1,1.562711473E1,1.431469146E0,3.463247310E1,9.006278885E0,1.090614848E1
3.543894292E2,6.501327604E1,2.550460154E1,1.557267089E1,1.512746896E0,3.461245499E1,8.987268149E0,1.053208478E1
3.553894252E2,6.501329119E1,2.550461612E1,1.564320836E1,1.468510825E0,3.185462341E1,9.107017982E0,1.108381296E1
3.563894206E2,6.501330144E1,2.550462898E1,1.568575235E1,1.255110221E0,3.375813101E1,9.042958235E0,1.114161279E1
3.573894157E2,6.501331889E1,2.550465065E1,1.625326691E1,1.569643085E0,3.750390391E1,9.041562787E0,1.149416943E1
3.583894116E2,6.501333206E1,2.550466440E1,1.598593001E1,1.317518363E0,3.388882949E1,9.019972780E0,1.117656292E1
3.593894075E2,6.501333898E1,2.550468379E1,1.587181893E1,1.208089417E0,3.799902198E1,9.123281081E0,1.148311518E1
3.603894027E2,6.501335273E1,2.550469719E1,1.558256929E1,1.356503575E0,2.830423577E1,9.232012369E0,1.129613502E1
3.613893982E2,6.501336677E1,2.550471651E1,1.522654150E1,1.538507065E0,2.924433829E1,9.248666899E0,1.176787746E1
3.623893944E2,6.501337780E1,2.550474624E1,1.549303678E1,1.563814289E0,3.597832122E1,9.338773943E0,1.157101670E1
3.633893903E2,6.501339142E1,2.550476337E1,1.587299659E1,1.423986408E0,3.456694062E1,9.338774015E0,1.130152568E1
3.643893859E2,6.501340307E1,2.550477986E1,1.579470217E1,1.456155427E0,3.015694560E1,9.302686664E0,1.150976519E1
3.653893815E2,6.501341324E1,2.550479616E1,1.624784877E1,1.300744805E0,3.281433628E1,9.225767712E0,1.114253387E1
3.663893768E2,6.501342454E1,2.550480674E1,1.579133145E1,1.288860139E0,3.040072087E1,9.382097127E0,1.130109803E1
3.673893727E2,6.501343662E1,2.550482786E1,1.583528316E1,1.467227675E0,3.582194322E1,9.382097041E0,1.158792025E1
3.683893685E2,6.501345101E1,2.550484942E1,1.608918476E1,1.499274183E0,3.001208293E1,9.646174207E0,1.210756854E1
3.693893641E2,6.501346109E1,2.550487008E1,1.629811839E1,1.485876307E0,3.004406631E1,9.568597481E0,1.184934132E1
3.703893598E2,6.501347701E1,2.550489164E1,1.613863620E1,1.653082014E0,2.486276120E1,9.485134182E0,1.167288512E1
3.713893553E2,6.501348834E1,2.550490347E1,1.735844333E1,1.306513499E0,2.267750611E1,9.581820533E0,1.224979851E1
3.723893512E2,6.501349944E1,2.550492582E1,1.723684760E1,1.426813932E0,3.210047548E1,9.581820479E0,1.248871586E1
3.733893468E2,6.501351426E1,2.550493496E1,1.719056056E1,1.317833287E0,2.638683543E1,9.429251585E0,1.231810645E1
3.743893422E2,6.501352851E1,2.550494865E1,1.767870328E1,1.389086167E0,2.390249433E1,9.327790894E0,1.188218443E1
3.753893380E2,6.501354130E1,2.550497052E1,1.842443731E1,1.350987473E0,2.764137979E1,9.159884519E0,1.208486245E1
3.763893341E2,6.501355427E1,2.550499243E1,1.852582239E1,1.476475140E0,2.864417583E1,9.159884551E0,1.183318495E1
3.773893296E2,6.501357014E1,2.550502122E1,1.856557655E1,1.606080271E0,3.225315147E1,9.296634588E0,1.223103287E1
3.783893249E2,6.501357460E1,2.550502163E1,1.862925153E1,9.733317489E-1,2.117390696E1,9.262378478E0,1.167392108E1
3.793893206E2,6.501359247E1,2.550504068E1,1.906726870E1,1.629379394E0,2.669171540E1,9.222424202E0,1.170616110E1
3.803893160E2,6.501360679E1,2.550505025E1,1.941780729E1,1.539782691E0,2.318424833E1,9.196987140E0,1.133501231E1
3.813893125E2,6.501361832E1,2.550506417E1,1.926152661E1,1.253386229E0,2.687015435E1,9.362280224E0,1.157663979E1
3.823893077E2,6.501363304E1,2.550507991E1,1.915561276E1,1.357815930E0,2.547130253E1,9.362280164E0,1.200648191E1
3.833893032E2,6.501364412E1,2.550509537E1,1.868848751E1,1.376784312E0,3.252439402E1,9.553930080E0,1.230701991E1
3.843892989E2,6.501365735E1,2.550511041E1,1.855571825E1,1.301552955E0,2.125993279E1,9.553930096E0,1.249671099E1
3.853906254E2,6.501367430E1,2.550513043E1,1.884558621E1,1.486089188E0,1.736175635E1,9.727004161E0,1.296549098E1
3.863896010E2,6.501368694E1,2.550513160E1,1.866459700E1,1.350779595E0,2.243831464E1,9.619362544E0,1.298605814E1
3.873895969E2,6.501370143E1,2.550514273E1,1.888333144E1,1.420292305E0,1.911806442E1,9.619362480E0,1.313157663E1
3.883899236E2,6.501371234E1,2.550516101E1,1.887319597E1,1.321489985E0,2.359713918E1,9.619362526E0,1.297468062E1
3.893900888E2,6.501372799E1,2.550516044E1,1.825905423E1,1.390533503E0,1.212623936E1,9.589519934E0,1.301021365E1
3.903900846E2,6.501373858E1,2.550516398E1,1.763197147E1,1.257874822E0,1.377945860E1,9.589519985E0,1.280001191E1
3.913901982E2,6.501375617E1,2.550516339E1,1.758850923E1,1.472962739E0,1.119251515E1,9.790558825E0,1.301831204E1
3.923902102E2,6.501377393E1,2.550516013E1,1.738244267E1,1.462896162E0,9.251907423E0,9.790558763E0,1.335026065E1
3.933902062E2,6.501378790E1,2.550516425E1,1.719006682E1,1.461815807E0,7.009780702E0,9.768052971E0,1.298561495E1
3.943899906E2,6.501380264E1,2.550516541E1,1.650401975E1,1.491611225E0,7.222156005E0,9.933391487E0,1.308829121E1
3.953903685E2,6.501381688E1,2.550516879E1,1.645608144E1,1.590387179E0,5.443520815E0,9.894238924E0,1.354313925E1
3.963903644E2,6.501383007E1,2.550517155E1,1.625552838E1,1.470065330E0,3.508425192E0,1.013775589E1,1.354281394E1
3.973901219E2,6.501384246E1,2.550517818E1,1.623394216E1,1.407583216E0,8.586236453E0,1.013623611E1,1.360434100E1
3.983902724E2,6.501385494E1,2.550518456E1,1.581043252E1,1.329245992E0,7.631844661E0,1.007914105E1,1.349988701E1
3.993902682E2,6.501387252E1,2.550518984E1,1.609478390E1,1.507966449E0,1.117244512E1,1.007914100E1,1.366333252E1
4.003902643E2,6.501388322E1,2.550520044E1,1.617796294E1,1.248900082E0,1.867838188E1,1.020779379E1,1.367779548E1
4.013902596E2,6.501389981E1,2.550520047E1,1.615866351E1,1.441504673E0,7.600233263E0,1.028380872E1,1.372787926E1
4.023902546E2,6.501391493E1,2.550521197E1,1.626885077E1,1.416802711E0,1.135105547E1,1.028405938E1,1.356234763E1
4.033902503E2,6.501393110E1,2.550521392E1,1.628169821E1,1.424961511E0,9.970084744E0,1.041686115E1,1.336520311E1
4.043902467E2,6.501394575E1,2.550521368E1,1.629120427E1,1.365133680E0,5.838848592E0,1.035503182E1,1.339986617E1
4.053902423E2,6.501396362E1,2.550521124E1,1.585243392E1,1.308564012E0,5.302379476E0,1.034067663E1,1.384667724E1
4.063902377E2,6.501397959E1,2.550521519E1,1.575423224E1,1.432736885E0,7.909639093E-1,1.028708917E1,1.348468082E1
4.073902332E2,6.501398917E1,2.550521999E1,1.588738286E1,1.173891323E0,3.587498294E2,1.013154919E1,1.311078244E1
4.083902289E2,6.501400209E1,2.550522779E1,1.580176650E1,1.235282383E0,7.901972697E-1,1.013901121E1,1.307839888E1
4.093902248E2,6.501401589E1,2.550523366E1,1.603825477E1,1.467067948E0,3.939151913E0,1.003896802E1,1.358398556E1
4.103902204E2,6.501403314E1,2.550523967E1,1.577821782E1,1.509806957E0,2.593505259E0,9.997802892E0,1.365677559E1
4.113902164E2,6.501404856E1,2.550523514E1,1.553580343E1,1.354696409E0,8.675964476E-1,1.001397288E1,1.344637301E1
4.123902121E2,6.501406373E1,2.550522782E1,1.521268897E1,1.354015056E0,3.591989682E2,9.866974531E0,1.315455569E1
4.133902075E2,6.501408190E1,2.550522673E1,1.565345812E1,1.530418582E0,3.577713648E2,9.890026634E0,1.345438976E1
4.143902036E2,6.501409552E1,2.550522777E1,1.586222682E1,1.295545683E0,3.536197697E2,9.826200376E0,1.280186213E1
4.153901988E2,6.501410936E1,2.550523073E1,1.613558798E1,1.444472088E0,3.574067593E2,9.826200251E0,1.328604598E1
4.163901950E2,6.501412469E1,2.550521866E1,1.638475444E1,1.594021981E0,3.530394830E2,9.960208273E0,1.332751723E1
4.173901899E2,6.501413200E1,2.550522387E1,1.611027501E1,1.214191273E0,3.584390830E2,9.979727070E0,1.316927346E1
4.183901861E2,6.501414452E1,2.550522088E1,1.572105399E1,1.206313619E0,3.583982274E2,9.979727069E0,1.322805015E1
4.193901818E2,6.501415926E1,2.550521856E1,1.545602617E1,1.220762594E0,3.576787048E2,9.880394956E0,1.307114715E1
4.203901767E2,6.501417356E1,2.550521764E1,1.596218563E1,1.373084469E0,3.561192627E2,9.987542266E0,1.354686062E1
4.213901731E2,6.501418688E1,2.550521039E1,1.609058516E1,1.386366797E0,3.584887083E2,9.861062866E0,1.305264024E1
4.223901684E2,6.501420339E1,2.550520853E1,1.578184404E1,1.356952632E0,1.571126497E0,9.881102321E0,1.300594793E1
4.233901638E2,6.501421806E1,2.550520994E1,1.588004476E1,1.317800667E0,8.783070584E0,9.830631480E0,1.328830249E1
4.243901596E2,6.501423196E1,2.550521233E1,1.608388775E1,1.353545197E0,3.356405413E0,9.797253297E0,1.326243559E1
4.253901560E2,6.501424651E1,2.550521037E1,1.584550275E1,1.438800218E0,4.027319576E0,9.972072495E0,1.415189036E1
4.263901509E2,6.501426126E1,2.550521401E1,1.559608156E1,1.314956526E0,5.492119015E0,1.007926120E1,1.437017937E1
4.273901470E2,6.501427537E1,2.550522207E1,1.544188027E1,1.236012204E0,1.299584319E1,1.009372602E1,1.432723953E1
4.283901427E2,6.501428858E1,2.550523161E1,1.529385061E1,1.297541164E0,6.984632332E0,1.004953666E1,1.411482901E1
4.293901377E2,6.501430112E1,2.550523439E1,1.549345624E1,1.440325869E0,5.487107061E0,9.910161083E0,1.417809687E1
4.303901341E2,6.501431383E1,2.550523499E1,1.537782722E1,1.332689773E0,5.182736714E0,1.009726997E1,1.432765456E1
4.313901291E2,6.501433186E1,2.550523458E1,1.507257721E1,1.467894111E0,4.205764845E0,1.014611513E1,1.431959508E1
4.323901252E2,6.501434508E1,2.550524872E1,1.480529407E1,1.402247570E0,1.358215775E1,1.029032707E1,1.486234873E1
4.333901205E2,6.501436006E1,2.550525817E1,1.495797164E1,1.446332213E0,1.647303607E1,1.019017597E1,1.404917098E1
4.343901167E2,6.501437427E1,2.550525917E1,1.460712351E1,1.394124329E0,1.485018742E1,1.019017582E1,1.451299361E1
4.353901125E2,6.501438848E1,2.550525973E1,1.479532642E1,1.497133246E0,1.004609266E1,1.002852467E1,1.409589065E1
4.363901082E2,6.501440570E1,2.550527303E1,1.475823954E1,1.513578713E0,1.527717681E1,9.920753258E0,1.355337272E1
4.373901032E2,6.501441936E1,2.550528103E1,1.455641157E1,1.496843307E0,1.621423807E1,9.920753181E0,1.376812575E1
4.383900992E2,6.501443081E1,2.550528870E1,1.505506637E1,1.275477042E0,2.053364421E1,9.927116842E0,1.344639170E1
4.393900945E2,6.501444511E1,2.550529712E1,1.477398875E1,1.350594109E0,1.737702604E1,9.836149978E0,1.343639110E1
4.403900908E2,6.501446278E1,2.550530880E1,1.516435372E1,1.406585339E0,9.464060016E0,1.012949507E1,1.372120943E1
4.413900865E2,6.501447217E1,2.550531595E1,1.561167436E1,1.193512672E0,1.144064591E1,1.027312666E1,1.404799947E1
4.423900821E2,6.501448723E1,2.550532028E1,1.582654453E1,1.443254129E0,1.211402466E1,1.027312667E1,1.383418796E1
4.433900778E2,6.501450493E1,2.550532027E1,1.636266105E1,1.636147278E0,1.151122800E1,1.016367293E1,1.397427915E1
4.443900735E2,6.501451755E1,2.550532775E1,1.611288803E1,1.357182946E0,1.544986645E1,1.016367307E1,1.361462305E1
4.453900691E2,6.501453249E1,2.550533664E1,1.563745320E1,1.397067029E0,1.289431248E1,1.015272268E1,1.407948800E1
4.463900644E2,6.501454926E1,2.550535264E1,1.569102074E1,1.501082978E0,1.360715672E1,1.012781011E1,1.383613660E1
4.473900607E2,6.501456475E1,2.550535723E1,1.551113886E1,1.308786288E0,7.969134291E0,1.008564561E1,1.430341765E1
4.483900553E2,6.501457899E1,2.550535854E1,1.491372963E1,1.333028309E0,5.502408452E0,9.988237099E0,1.390310051E1
4.493900517E2,6.501459188E1,2.550536851E1,1.451513810E1,1.388644897E0,1.008804576E1,1.021190501E1,1.418499203E1
4.503900471E2,6.501460445E1,2.550538574E1,1.449742785E1,1.306437156E0,8.145607948E0,1.021598980E1,1.384555259E1
4.513900425E2,6.501461916E1,2.550538495E1,1.472361104E1,1.444273693E0,2.079588671E0,1.033284271E1,1.396750970E1
4.523900390E2,6.501463469E1,2.550538484E1,1.500021166E1,1.323522611E0,2.352300888E0,1.054927816E1,1.432225882E1
4.533900346E2,6.501464542E1,2.550538063E1,1.517005490E1,1.310746471E0,3.551206529E2,1.051479128E1,1.471319972E1
4.543900298E2,6.501465501E1,2.550538507E1,1.545365761E1,1.293267761E0,1.936515279E0,1.039712644E1,1.420942700E1
4.553900253E2,6.501467166E1,2.550537642E1,1.614392761E1,1.456133856E0,2.095820706E0,1.039371902E1,1.448680228E1
4.563900210E2,6.501468813E1,2.550537096E1,1.629505715E1,1.381089976E0,3.558274822E2,1.038236727E1,1.459493037E1
4.573900166E2,6.501470476E1,2.550536393E1,1.601629322E1,1.464450070E0,6.119146199E-1,1.038569814E1,1.481218432E1
4.583900125E2,6.501472184E1,2.550535822E1,1.610153684E1,1.419477630E0,3.575460387E2,1.038569806E1,1.544404479E1
4.593900079E2,6.501473586E1,2.550536102E1,1.687988069E1,1.449472168E0,3.581172580E2,1.038569822E1,1.475460348E1
4.603900036E2,6.501474993E1,2.550535992E1,1.730450710E1,1.433216944E0,3.582882695E2,1.035087424E1,1.465870904E1
4.613900001E2,6.501476140E1,2.550536158E1,1.668059783E1,1.305620747E0,3.598907670E2,1.016653039E1,1.460348241E1
4.623899952E2,6.501477571E1,2.550535924E1,1.643999814E1,1.424422524E0,3.532920286E2,1.006373884E1,1.406092249E1
4.633899914E2,6.501478756E1,2.550535810E1,1.626234394E1,1.356896342E0,3.532164912E2,9.886766739E0,1.351840280E1
4.643899866E2,6.501480204E1,2.550535697E1,1.664118266E1,1.444854606E0,3.559747209E2,9.953956638E0,1.354223449E1
4.653899821E2,6.501481541E1,2.550535420E1,1.654641385E1,1.347429940E0,3.543255405E2,9.877573241E0,1.333345079E1
4.663899783E2,6.501482680E1,2.550536377E1,1.661346179E1,1.325705740E0,6.288928994E0,9.954853445E0,1.344532031E1
4.673899738E2,6.501484003E1,2.550536161E1,1.695461521E1,1.352682576E0,3.532718765E2,1.013485741E1,1.376930981E1
4.683899697E2,6.501485525E1,2.550537407E1,1.685739764E1,1.347260513E0,2.019580864E0,1.025980986E1,1.396777766E1
4.693899648E2,6.501487220E1,2.550535877E1,1.628491808E1,1.574859224E0,3.540866481E2,1.015620134E1,1.394910874E1
4.703899605E2,6.501487850E1,2.550535776E1,1.648511571E1,1.091210257E0,3.484770011E2,1.015620152E1,1.351606385E1
4.713899568E2,6.501489178E1,2.550536248E1,1.701656797E1,1.275827298E0,2.905198315E-1,1.015620146E1,1.346660309E1
4.723899523E2,6.501490559E1,2.550535285E1,1.763132435E1,1.193522227E0,3.589957802E2,1.014109111E1,1.391642589E1
4.733899477E2,6.501492089E1,2.550535134E1,1.725057733E1,1.361015279E0,2.884667237E-1,1.014109100E1,1.402667793E1
4.743899432E2,6.501493576E1,2.550535272E1,1.754809577E1,1.559171008E0,1.129170952E1,1.015596279E1,1.358813341E1
4.753899390E2,6.501495153E1,2.550534841E1,1.758175570E1,1.472020885E0,4.110955540E-1,1.038803039E1,1.418125357E1
4.763899345E2,6.501496660E1,2.550534756E1,1.772126790E1,1.347048318E0,2.636788020E0,1.033553054E1,1.431569824E1
4.773899301E2,6.501498234E1,2.550535720E1,1.782153290E1,1.355592014E0,6.676728948E0,1.024732383E1,1.390296378E1
4.783899260E2,6.501499754E1,2.550536064E1,1.817128695E1,1.372617463E0,1.955951552E0,1.024732383E1,1.405138620E1
4.793899217E2,6.501501043E1,2.550537003E1,1.836352180E1,1.288163748E0,7.016658230E0,1.024732375E1,1.424089168E1
4.803899171E2,6.501502141E1,2.550536715E1,1.796559872E1,1.272053477E0,3.597847483E2,1.017129491E1,1.399418335E1
4.813899127E2,6.501503579E1,2.550536884E1,1.779482819E1,1.312389794E0,4.969902316E-1,1.024056091E1,1.404246204E1
4.823899089E2,6.501505088E1,2.550536806E1,1.703747639E1,1.347372073E0,3.005809161E0,1.018815015E1,1.358376897E1
4.833899045E2,6.501506343E1,2.550537108E1,1.697037114E1,1.512821725E0,7.743068052E-1,1.014653519E1,1.361123992E1
4.843899000E2,6.501507699E1,2.550537637E1,1.617928069E1,1.467168740E0,8.381510435E0,1.025560237E1,1.387356722E1
4.853898952E2,6.501509232E1,2.550538293E1,1.593513432E1,1.335583701E0,3.430619542E0,1.022989364E1,1.406052284E1
4.863898914E2,6.501510616E1,2.550538562E1,1.555145816E1,1.350305794E0,4.783185071E0,1.013200956E1,1.370960353E1
4.873898869E2,6.501512441E1,2.550537943E1,1.573212949E1,1.602344136E0,9.709043029E-1,1.005459775E1,1.384885699E1
4.883898832E2,6.501513486E1,2.550537814E1,1.544581277E1,1.140151471E0,3.563880441E2,1.001844088E1,1.367917606E1
4.893898786E2,6.501515277E1,2.550538534E1,1.542097279E1,1.486062602E0,1.191755704E0,9.985011228E0,1.368917924E1
4.903898737E2,6.501517148E1,2.550538719E1,1.601348538E1,1.482136493E0,3.592536539E2,9.985011126E0,1.392090260E1
4.913898698E2,6.501518833E1,2.550538725E1,1.666294699E1,1.465019915E0,3.573151828E2,9.831203830E0,1.348429302E1
4.923898658E2,6.501520524E1,2.550538578E1,1.699658278E1,1.549414941E0,3.593593763E2,9.766821581E0,1.344438777E1
4.933898609E2,6.501522110E1,2.550538990E1,1.729526629E1,1.519249232E0,3.587249109E2,9.935950080E0,1.331602466E1
4.943898571E2,6.501523459E1,2.550538010E1,1.705621162E1,1.511469860E0,3.564504250E2,9.793731911E0,1.346761105E1
4.953898526E2,6.501524597E1,2.550537235E1,1.708610759E1,1.449192505E0,3.552464574E2,9.791755154E0,1.315030757E1
4.963898479E2,6.501526018E1,2.550537059E1,1.677718414E1,1.405275282E0,3.588514507E2,9.796873591E0,1.354692058E1
4.973898441E2,6.501527564E1,2.550536853E1,1.672876033E1,1.533027348E0,3.559725307E2,9.955584799E0,1.394226370E1
4.983898395E2,6.501528725E1,2.550536240E1,1.716335860E1,1.346032369E0,3.544131899E2,9.955584850E0,1.390232766E1
4.993898350E2,6.501530219E1,2.550536255E1,1.759716231E1,1.292758717E0,3.581305358E2,9.833442365E0,1.344860167E1
5.003898304E2,6.501531614E1,2.550536706E1,1.807458006E1,1.351072380E0,3.583468739E2,9.850887481E0,1.352132029E1
5.013898264E2,6.501532788E1,2.550535521E1,1.802042965E1,1.265090361E0,3.547487804E2,9.942404413E0,1.373156134E1
5.023898224E2,6.501534539E1,2.550535099E1,1.791537488E1,1.488416568E0,3.538924135E2,9.787241629E0,1.351490131E1
5.033898183E2,6.501536161E1,2.550534824E1,1.782715812E1,1.438936203E0,3.551744985E2,9.764862445E0,1.380260589E1
5.043898139E2,6.501537483E1,2.550534767E1,1.756963677E1,1.292131089E0,3.586496538E2,9.735188586E0,1.343391743E1
5.053898088E2,6.501538927E1,2.550534436E1,1.757350142E1,1.454538487E0,3.545280525E2,9.735188466E0,1.395538487E1
5.063898048E2,6.501540271E1,2.550533772E1,1.741806824E1,1.280313457E0,3.522306461E2,9.735188616E0,1.349247591E1
5.073898005E2,6.501541824E1,2.550533516E1,1.755610307E1,1.433614178E0,3.556118226E2,9.617156706E0,1.352330628E1
5.083897960E2,6.501543288E1,2.550532631E1,1.745916880E1,1.393781756E0,3.515675104E2,9.466538571E0,1.284367407E1
5.093897913E2,6.501544498E1,2.550532807E1,1.729048649E1,1.394062694E0,1.985033852E0,9.308133490E0,1.251622898E1
5.103897874E2,6.501545903E1,2.550531957E1,1.701745647E1,1.459913055E0,3.537885985E2,9.168617013E0,1.278459706E1
5.113902408E2,6.501547171E1,2.550531655E1,1.691527840E1,1.325948859E0,3.594013765E2,8.969606955E0,1.262902385E1
5.123900740E2,6.501548788E1,2.550531147E1,1.699572370E1,1.433223067E0,3.531768465E2,8.871078648E0,1.236733970E1
5.133900692E2,6.501550111E1,2.550531296E1,1.706116659E1,1.321870060E0,3.545183375E2,8.731216803E0,1.201220614E1
5.143910433E2,6.501551677E1,2.550531146E1,1.710470705E1,1.433279146E0,3.543403183E2,8.670119988E0,1.197951822E1
5.153902668E2,6.501553014E1,2.550530241E1,1.697156214E1,1.467621308E0,3.544842006E2,8.670119898E0,1.225248869E1
5.163902631E2,6.501553971E1,2.550528981E1,1.670635903E1,1.339255521E0,3.525499510E2,8.658594687E0,1.246265058E1
5.173907382E2,6.501555321E1,2.550528601E1,1.702632911E1,1.352745751E0,3.563924803E2,8.748245450E0,1.216162696E1
5.183905510E2,6.501556829E1,2.550528918E1,1.736487684E1,1.403068246E0,3.557750094E2,8.912741849E0,1.298630972E1
5.193905467E2,6.501558154E1,2.550528976E1,1.723971526E1,1.338886829E0,3.555996434E2,8.912741865E0,1.304203464E1
5.203902659E2,6.501559718E1,2.550529333E1,1.685862398E1,1.333259198E0,4.771798801E-1,8.780870921E0,1.245356518E1
5.213908463E2,6.501561164E1,2.550529467E1,1.637170364E1,1.369128729E0,3.598886261E2,8.710691484E0,1.236463624E1
5.223908422E2,6.501562742E1,2.550529419E1,1.665962786E1,1.443257311E0,3.544821014E2,8.648731408E0,1.233466182E1
5.233910053E2,6.501563907E1,2.550529670E1,1.593542544E1,1.260358615E0,3.513281064E2,8.621783367E0,1.246004839E1
5.243905959E2,6.501565457E1,2.550528913E1,1.554555726E1,1.448658948E0,3.516620047E2,8.621783396E0,1.217251043E1
5.253905922E2,6.501566479E1,2.550528711E1,1.534338285E1,1.347621567E0,2.219477865E0,8.468938047E0,1.222679171E1
5.263905872E2,6.501567904E1,2.550527107E1,1.512067388E1,1.476305720E0,3.499008559E2,8.630579772E0,1.247057944E1
5.273905830E2,6.501569296E1,2.550526246E1,1.446233220E1,1.457122641E0,3.433216706E2,8.609890962E0,1.257997941E1
5.283905789E2,6.501570798E1,2.550527264E1,1.427506310E1,1.210193837E0,5.644313426E0,8.676024763E0,1.290026313E1
5.293905741E2,6.501572378E1,2.550527367E1,1.380434711E1,1.414528606E0,1.323522618E0,8.676024771E0,1.274509831E1
5.303905708E2,6.501573872E1,2.550527051E1,1.364792770E1,1.528022716E0,3.517988528E2,8.712474545E0,1.305287238E1
5.313905665E2,6.501575042E1,2.550527724E1,1.325467970E1,1.401999333E0,4.539912428E0,8.595780574E0,1.279775721E1
5.323905612E2,6.501576530E1,2.550527451E1,1.335275311E1,1.489801024E0,3.560016094E2,8.593060938E0,1.347507800E1
5.333905578E2,6.501578048E1,2.550526497E1,1.317572760E1,1.511833743E0,3.546111503E2,8.575019723E0,1.313316310E1
5.343905534E2,6.501579204E1,2.550526353E1,1.294981970E1,1.357401983E0,3.571570609E2,8.666725808E0,1.375138349E1
5.353905491E2,6.501580502E1,2.550525771E1,1.271979660E1,1.450202196E0,3.517910640E2,8.705652666E0,1.324152028E1
5.363905439E2,6.501581958E1,2.550524739E1,1.278548598E1,1.467186960E0,3.441398453E2,8.630758734E0,1.287204059E1
5.373905402E2,6.501583156E1,2.550522830E1,1.269536893E1,1.341949994E0,3.438230764E2,8.510057250E0,1.218513338E1
5.383905352E2,6.501584135E1,2.550520295E1,1.300371079E1,1.375075730E0,3.330653310E2,8.510057293E0,1.183988297E1
5.393905315E2,6.501585342E1,2.550518237E1,1.336778059E1,1.465286281E0,3.298801811E2,8.624240005E0,1.241157586E1
5.403905270E2,6.501586268E1,2.550516125E1,1.330545702E1,1.483680732E0,3.260488278E2,8.624240027E0,1.259548838E1
5.413905227E2,6.501587067E1,2.550514477E1,1.355225779E1,1.522136657E0,3.257464365E2,8.624239998E0,1.290213674E1
5.423905180E2,6.501588098E1,2.550512472E1,1.341723052E1,1.543286053E0,3.204838475E2,8.655915902E0,1.262620473E1
5.433905145E2,6.501589020E1,2.550509923E1,1.355771608E1,1.537388537E0,3.164506891E2,8.655915893E0,1.315192766E1
5.443905097E2,6.501589579E1,2.550507655E1,1.401803566E1,1.498643709E0,3.131148667E2,8.438111536E0,1.304367764E1
5.453905050E2,6.501590108E1,2.550504814E1,1.431567912E1,1.419263911E0,3.038111501E2,8.495016147E0,1.258208487E1
5.463905011E2,6.501590906E1,2.550502504E1,1.468776668E1,1.431520316E0,3.069860638E2,8.667631040E0,1.313621763E1
5.473904966E2,6.501591819E1,2.550498869E1,1.511923951E1,1.431826671E0,3.043297587E2,8.544826928E0,1.285763636E1
5.483904927E2,6.501593224E1,2.550495132E1,1.486738014E1,1.666179939E0,3.043807681E2,8.544826905E0,1.344118174E1
5.493904876E2,6.501594165E1,2.550492821E1,1.492294957E1,1.569501848E0,3.114950029E2,8.544826904E0,1.294099857E1
5.503904839E2,6.501594903E1,2.550490234E1,1.507383443E1,1.477935905E0,3.046798300E2,8.620955413E0,1.293645254E1
5.513904796E2,6.501595464E1,2.550487449E1,1.534076071E1,1.467433067E0,3.031435744E2,8.734142387E0,1.335109720E1
5.523904752E2,6.501596080E1,2.550484459E1,1.587424601E1,1.546715288E0,2.999317064E2,8.759783887E0,1.320962179E1
5.533904711E2,6.501596840E1,2.550481966E1,1.619047760E1,1.570063846E0,3.000023999E2,8.837253432E0,1.352443260E1
5.543904666E2,6.501597563E1,2.550479658E1,1.615728232E1,1.521684704E0,3.049460969E2,8.770347198E0,1.321686822E1
5.553904625E2,6.501597783E1,2.550477018E1,1.648749772E1,1.376716984E0,2.979857589E2,8.762560107E0,1.281295912E1
5.563904580E2,6.501598563E1,2.550474334E1,1.650932821E1,1.471097304E0,2.984912309E2,8.639720365E0,1.317332694E1
5.573904533E2,6.501599187E1,2.550470967E1,1.575244993E1,1.522201102E0,3.024348632E2,8.639720325E0,1.278524527E1
5.583904485E2,6.501599686E1,2.550468443E1,1.650917005E1,1.358263575E0,3.021133626E2,8.590081318E0,1.262917192E1
5.593904449E2,6.501600502E1,2.550464078E1,1.695576448E1,1.603258858E0,3.012324442E2,8.516898854E0,1.248591698E1
5.603904402E2,6.501601347E1,2.550461758E1,1.707448127E1,1.536026390E0,3.033848265E2,8.516898822E0,1.295006527E1
5.613904362E2,6.501602013E1,2.550458999E1,1.669554346E1,1.484709899E0,2.984193387E2,8.572925617E0,1.303484429E1
5.623904313E2,6.501602246E1,2.550455459E1,1.645407800E1,1.482322180E0,2.933834127E2,8.653038862E0,1.281918396E1
5.633904275E2,6.501602627E1,2.550453550E1,1.605403491E1,1.345855185E0,2.961278392E2,8.743676807E0,1.261597851E1
5.643904232E2,6.501603183E1,2.550450794E1,1.545854584E1,1.486429482E0,2.951731667E2,8.732876012E0,1.276265003E1
5.653904191E2,6.501603791E1,2.550447262E1,1.510764751E1,1.544192168E0,2.978679463E2,8.732875965E0,1.243588799E1
5.663904146E2,6.501603996E1,2.550443736E1,1.474316473E1,1.458616933E0,2.889037248E2,8.691098962E0,1.235700987E1
5.673904104E2,6.501604393E1,2.550440184E1,1.460711823E1,1.488073079E0,2.836239286E2,8.620877069E0,1.223898260E1
5.683904061E2,6.501604617E1,2.550436378E1,1.435391623E1,1.512763402E0,2.798695418E2,8.696941611E0,1.238390948E1
5.693904010E2,6.501605115E1,2.550432715E1,1.429358467E1,1.461898314E0,2.822251348E2,8.668704831E0,1.236764820E1
5.703903973E2,6.501604875E1,2.550428967E1,1.474678081E1,1.432245358E0,2.739391773E2,8.753380297E0,1.252518566E1
5.713903930E2,6.501604472E1,2.550425688E1,1.502324559E1,1.302238688E0,2.760942010E2,8.912700887E0,1.283112484E1
5.723903884E2,6.501604040E1,2.550422163E1,1.516083254E1,1.188632110E0,2.720320235E2,8.978187204E0,1.299121043E1
5.733903838E2,6.501603926E1,2.550418617E1,1.507487574E1,1.234214164E0,2.709655531E2,8.836385324E0,1.274709446E1
5.743903799E2,6.501603828E1,2.550415433E1,1.498942466E1,1.346827131E0,2.657217187E2,8.758906998E0,1.233817429E1
5.753903754E2,6.501604117E1,2.550412653E1,1.573239731E1,1.425191653E0,2.782615578E2,8.833870355E0,1.282941859E1
5.763903716E2,6.501603944E1,2.550410391E1,1.634942651E1,1.274961021E0,2.707163777E2,8.765141911E0,1.289751787E1
5.773903664E2,6.501603384E1,2.550407392E1,1.599165693E1,1.339373834E0,2.644197850E2,8.894754211E0,1.291961831E1
5.783903629E2,6.501603336E1,2.550404511E1,1.638858016E1,1.396808796E0,2.674425078E2,8.894754280E0,1.336599225E1
5.793903587E2,6.501603345E1,2.550400707E1,1.630802346E1,1.516862068E0,2.654294174E2,8.894754309E0,1.319329821E1
5.803903536E2,6.501603335E1,2.550397832E1,1.606507877E1,1.421761401E0,2.657387337E2,8.894754291E0,1.310165909E1
5.813903496E2,6.501603133E1,2.550395062E1,1.571779629E1,1.419578341E0,2.626432566E2,8.903457719E0,1.322711087E1
5.823903450E2,6.501603532E1,2.550391912E1,1.547367341E1,1.510630292E0,2.665991464E2,8.810558335E0,1.289155172E1
5.833903408E2,6.501603585E1,2.550388290E1,1.533614311E1,1.450112858E0,2.623055136E2,8.674306488E0,1.331585651E1
5.843903366E2,6.501604131E1,2.550383363E1,1.513377280E1,1.455661906E0,2.689644016E2,8.731817301E0,1.380768529E1
5.853903320E2,6.501604407E1,2.550379703E1,1.515701896E1,1.428495417E0,2.687427490E2,8.928222896E0,1.401396456E1
5.863903284E2,6.501604463E1,2.550376017E1,1.512077885E1,1.401377239E0,2.678843920E2,9.074007066E0,1.451839541E1
5.873903232E2,6.501604375E1,2.550372299E1,1.491829589E1,1.436617604E0,2.631298547E2,9.312567350E0,1.477335915E1
5.883903190E2,6.501604388E1,2.550369516E1,1.501544768E1,1.311823163E0,2.560550741E2,9.506450958E0,1.513313504E1
5.893903152E2,6.501604742E1,2.550366475E1,1.556612618E1,1.429282960E0,2.679809906E2,9.430639926E0,1.544430575E1
5.903903103E2,6.501604477E1,2.550363582E1,1.602067683E1,1.381915967E0,2.639873608E2,9.501973320E0,1.497312549E1
5.913903064E2,6.501603877E1,2.550360227E1,1.578930351E1,1.380155720E0,2.613578820E2,9.524221950E0,1.490532651E1
5.923903018E2,6.501603771E1,2.550356085E1,1.456122308E1,1.499264880E0,2.661995872E2,9.524222014E0,1.520026928E1
5.933902975E2,6.501603976E1,2.550352913E1,1.443603997E1,1.255083641E0,2.780706830E2,9.524221875E0,1.525585566E1
5.943902930E2,6.501603227E1,2.550349037E1,1.433386275E1,1.583551467E0,2.637318317E2,9.600662060E0,1.538382699E1
5.953902887E2,6.501603197E1,2.550345949E1,1.436986586E1,1.595953727E0,2.678796560E2,9.850854243E0,1.603323484E1
5.963902847E2,6.501602832E1,2.550342981E1,1.429917054E1,1.342746512E0,2.694972943E2,9.744766272E0,1.539812068E1
5.973902806E2,6.501602012E1,2.550340119E1,1.507619213E1,1.160958046E0,2.573043215E2,9.854982059E0,1.555468089E1
5.983902762E2,6.501601904E1,2.550335882E1,1.498798249E1,1.307385200E0,2.585169106E2,9.844551206E0,1.561964605E1
5.993902713E2,6.501601587E1,2.550332014E1,1.493426974E1,1.240086456E0,2.645112615E2,9.889575553E0,1.507307364E1
6.003902670E2,6.501601388E1,2.550328100E1,1.498443768E1,1.316483294E0,2.630678793E2,9.894650507E0,1.536805087E1
6.013902633E2,6.501601539E1,2.550324249E1,1.490518243E1,1.399335704E0,2.662605357E2,9.918911454E0,1.488051257E1
6.023902582E2,6.501601146E1,2.550320219E1,1.468868818E1,1.375237676E0,2.640023315E2,9.918911526E0,1.548655788E1
6.033902540E2,6.501601119E1,2.550316688E1,1.495995294E1,1.265467606E0,2.624171175E2,9.807684203E0,1.479148189E1
6.043902502E2,6.501600998E1,2.550313873E1,1.519419865E1,1.170783009E0,2.662056793E2,9.753610300E0,1.420579805E1